fn,cat
147.jpg,Dent
172.jpg,Dent
204.jpg,Dent
234.jpg,Dent
196.jpg,Scratch_or_spot
36.jpg,Scratch_or_spot
92.jpg,Scratch_or_spot
177.jpg,Scratch_or_spot
245.jpg,Dent
168.jpg,Scratch_or_spot
113.jpg,Dent
110.jpg,Scratch_or_spot
165.jpg,Scratch_or_spot
247.jpg,Dent
94.jpg,Scratch_or_spot
2.jpg,Scratch_or_spot
77.jpg,Scratch_or_spot
153.jpg,Dent
231.jpg,Scratch_or_spot
202.jpg,Scratch_or_spot
156.jpg,Dent
162.jpg,Dent
138.jpg,Scratch_or_spot
121.jpg,Dent
31.jpg,Dent
152.jpg,Scratch_or_spot
37.jpg,Dent
108.jpg,Dent
174.jpg,Dent
122.jpg,Scratch_or_spot
217.jpg,Scratch_or_spot
232.jpg,Scratch_or_spot
179.jpg,Dent
39.jpg,Dent
218.jpg,Scratch_or_spot
47.jpg,Scratch_or_spot
207.jpg,Scratch_or_spot
216.jpg,Scratch_or_spot
133.jpg,Scratch_or_spot
203.jpg,Scratch_or_spot
71.jpg,Dent
251.jpg,Dent
155.jpg,Dent
27.jpg,Scratch_or_spot
85.jpg,Dent
33.jpg,Dent
100.jpg,Dent
120.jpg,Scratch_or_spot
224.jpg,Dent
208.jpg,Scratch_or_spot
175.jpg,Dent
144.jpg,Scratch_or_spot
253.jpg,Dent
17.jpg,Scratch_or_spot
4.jpg,Dent
194.jpg,Scratch_or_spot
191.jpg,Scratch_or_spot
48.jpg,Scratch_or_spot
8.jpg,Scratch_or_spot
187.jpg,Scratch_or_spot
43.jpg,Dent
88.jpg,Scratch_or_spot
248.jpg,Dent
76.jpg,Dent
150.jpg,Dent
11.jpg,Dent
29.jpg,Dent
59.jpg,Scratch_or_spot
32.jpg,Dent
188.jpg,Scratch_or_spot
136.jpg,Scratch_or_spot
54.jpg,Dent
91.jpg,Scratch_or_spot
229.jpg,Dent
81.jpg,Dent
13.jpg,Dent
249.jpg,Dent
115.jpg,Dent
200.jpg,Scratch_or_spot
103.jpg,Scratch_or_spot
53.jpg,Scratch_or_spot
52.jpg,Scratch_or_spot
240.jpg,Dent
154.jpg,Dent
50.jpg,Scratch_or_spot
254.jpg,Dent
99.jpg,Scratch_or_spot
26.jpg,Scratch_or_spot
170.jpg,Scratch_or_spot
20.jpg,Dent
205.jpg,Dent
222.jpg,Scratch_or_spot
86.jpg,Dent
21.jpg,Dent
214.jpg,Scratch_or_spot
97.jpg,Scratch_or_spot
131.jpg,Dent
61.jpg,Scratch_or_spot
5.jpg,Dent
25.jpg,Scratch_or_spot
241.jpg,Dent
146.jpg,Scratch_or_spot
93.jpg,Scratch_or_spot
34.jpg,Dent
166.jpg,Scratch_or_spot
109.jpg,Scratch_or_spot
38.jpg,Dent
114.jpg,Scratch_or_spot
235.jpg,Dent
176.jpg,Dent
80.jpg,Dent
10.jpg,Scratch_or_spot
137.jpg,Scratch_or_spot
143.jpg,Scratch_or_spot
242.jpg,Dent
178.jpg,Dent
65.jpg,Dent
213.jpg,Scratch_or_spot
118.jpg,Dent
239.jpg,Dent
64.jpg,Scratch_or_spot
134.jpg,Scratch_or_spot
148.jpg,Scratch_or_spot
169.jpg,Scratch_or_spot
198.jpg,Scratch_or_spot
18.jpg,Scratch_or_spot
225.jpg,Dent
73.jpg,Scratch_or_spot
16.jpg,Dent
46.jpg,Dent
101.jpg,Scratch_or_spot
189.jpg,Scratch_or_spot
51.jpg,Scratch_or_spot
182.jpg,Scratch_or_spot
227.jpg,Dent
197.jpg,Scratch_or_spot
221.jpg,Scratch_or_spot
98.jpg,Scratch_or_spot
23.jpg,Scratch_or_spot
69.jpg,Scratch_or_spot
139.jpg,Scratch_or_spot
105.jpg,Dent
78.jpg,Scratch_or_spot
157.jpg,Dent
184.jpg,Dent
252.jpg,Dent
35.jpg,Scratch_or_spot
111.jpg,Scratch_or_spot
116.jpg,Scratch_or_spot
63.jpg,Scratch_or_spot
140.jpg,Scratch_or_spot
238.jpg,Scratch_or_spot
219.jpg,Dent
183.jpg,Dent
75.jpg,Dent
127.jpg,Dent
49.jpg,Scratch_or_spot
250.jpg,Dent
15.jpg,Scratch_or_spot
130.jpg,Dent
22.jpg,Dent
211.jpg,Scratch_or_spot
145.jpg,Scratch_or_spot
246.jpg,Dent
57.jpg,Scratch_or_spot
87.jpg,Dent
206.jpg,Scratch_or_spot
159.jpg,Dent
223.jpg,Scratch_or_spot
1.jpg,Scratch_or_spot
132.jpg,Dent
151.jpg,Dent
56.jpg,Dent
117.jpg,Dent
185.jpg,Dent
215.jpg,Scratch_or_spot
237.jpg,Scratch_or_spot
199.jpg,Dent
160.jpg,Dent
233.jpg,Dent
226.jpg,Dent
129.jpg,Dent
96.jpg,Scratch_or_spot
126.jpg,Dent
58.jpg,Scratch_or_spot
42.jpg,Dent
89.jpg,Dent
40.jpg,Scratch_or_spot
112.jpg,Scratch_or_spot
201.jpg,Scratch_or_spot
14.jpg,Scratch_or_spot
141.jpg,Scratch_or_spot
163.jpg,Dent
72.jpg,Scratch_or_spot
7.jpg,Dent
28.jpg,Scratch_or_spot
107.jpg,Dent
68.jpg,Scratch_or_spot
209.jpg,Dent
102.jpg,Scratch_or_spot
236.jpg,Scratch_or_spot
41.jpg,Dent
123.jpg,Scratch_or_spot
142.jpg,Dent
212.jpg,Dent
82.jpg,Dent
74.jpg,Scratch_or_spot
125.jpg,Dent
79.jpg,Dent
104.jpg,Dent
128.jpg,Dent
70.jpg,Scratch_or_spot
12.jpg,Dent
106.jpg,Scratch_or_spot
19.jpg,Scratch_or_spot
186.jpg,Scratch_or_spot
190.jpg,Scratch_or_spot
167.jpg,Scratch_or_spot
95.jpg,Scratch_or_spot
3.jpg,Dent
149.jpg,Dent
195.jpg,Scratch_or_spot
210.jpg,Dent
181.jpg,Scratch_or_spot
164.jpg,Dent
230.jpg,Scratch_or_spot
228.jpg,Dent
60.jpg,Scratch_or_spot
90.jpg,Scratch_or_spot
30.jpg,Scratch_or_spot
220.jpg,Scratch_or_spot
67.jpg,Dent
192.jpg,Scratch_or_spot
44.jpg,Scratch_or_spot
119.jpg,Dent
161.jpg,Scratch_or_spot
55.jpg,Scratch_or_spot
243.jpg,Dent
66.jpg,Dent
83.jpg,Dent
84.jpg,Scratch_or_spot
9.jpg,Scratch_or_spot
62.jpg,Scratch_or_spot
45.jpg,Dent
24.jpg,Scratch_or_spot
173.jpg,Dent
180.jpg,Scratch_or_spot
171.jpg,Scratch_or_spot
193.jpg,Scratch_or_spot
244.jpg,Dent
6.jpg,Dent
135.jpg,Scratch_or_spot
124.jpg,Scratch_or_spot
158.jpg,Dent
